WORD,VALIDITY,TYPE,BLOCK,SUBBLOCK
watch,word,english,A,1
press,word,english,A,1
sources,word,english,A,1
freedom,word,english,A,1
product,word,english,A,1
generally,word,english,A,1
seems,word,english,A,1
clone,word,english,A,1
words,word,english,A,1
articles,word,english,A,1
outside,word,english,A,1
become,word,english,A,1
project,word,english,A,1
following,word,english,A,1
numbers,word,english,A,1
trying,word,english,A,1
known,word,english,A,1
excellent,word,english,A,1
needs,word,english,A,1
drive,word,english,A,1
welfare,word,english,A,1
message,word,english,A,1
willing,word,english,A,1
certainly,word,english,A,1
location,word,english,A,1
watch,,english,A,1
press,word,english,A,1
sources,word,english,A,1
freedom,word,english,A,1
product,word,english,A,1
generally,word,english,A,1
seems,word,english,A,1
clone,word,english,A,1
words,word,english,A,1
articles,word,english,A,1
outside,word,english,A,1
become,word,english,A,1
project,word,english,A,1
following,word,english,A,1
numbers,word,english,A,1
trying,word,english,A,1
known,word,english,A,1
excellent,word,english,A,1
needs,word,english,A,1
drive,word,english,A,1
welfare,word,english,A,1
message,word,english,A,1
willing,word,english,A,1
certainly,word,english,A,1
location,word,english,A,1
making,word,english,A,1
species,word,english,A,1
request,word,english,A,1
science,word,english,A,1
solution,word,english,A,1
living,word,english,A,1
under,word,english,A,1
study,word,english,A,1
reference,word,english,A,1
trade,word,english,A,1
green,word,english,A,1
takes,word,english,A,1
exactly,word,english,A,1
address,word,english,A,1
offer,word,english,A,1
report,word,english,A,1
table,word,english,A,1
income,word,english,A,1
material,word,english,A,1
today,word,english,A,1
systems,word,english,A,1
because,word,english,A,1
political,word,english,A,1
weeks,word,english,A,1
energy,word,english,A,1
great,word,english,A,1
needed,word,english,A,1
advance,word,english,A,1
capital,word,english,A,1
contact,word,english,A,1
rules,word,english,A,1
digital,word,english,A,1
force,word,english,A,1
guess,word,english,A,1
increase,word,english,A,1
physical,word,english,A,1
natural,word,english,A,1
ability,word,english,A,1
hospital,word,english,A,1
attempt,word,english,A,1
support,word,english,A,1
young,word,english,A,1
monitor,word,english,A,1
south,word,english,A,1
meaning,word,english,A,1
street,word,english,A,1
music,word,english,A,1
security,word,english,A,1
medical,word,english,A,1
power,word,english,A,1
always,word,english,A,1
shows,word,english,A,1
though,word,english,A,1
painting,word,english,A,1
average,word,english,A,1
using,word,english,A,1
skills,word,english,A,1
water,word,english,A,1
resources,word,english,A,1
likely,word,english,A,1
military,word,english,A,1
evidence,word,english,A,1
mailing,word,english,A,1
brain,word,english,A,1
along,word,english,A,1
found,word,english,A,1
friend,word,english,A,1
manager,word,english,A,1
limited,word,english,A,1
records,word,english,A,1
model,word,english,A,1
million,word,english,A,1
field,word,english,A,1
private,word,english,A,1
respond,word,english,A,1
called,word,english,A,1
story,word,english,A,1
myself,word,english,A,1
failure,word,english,A,1
command,word,english,A,1
sound,word,english,A,1
resource,word,english,A,1
playing,word,english,A,1
strong,word,english,A,1
whether,word,english,A,1
pages,word,english,A,1
front,word,english,A,1
effect,word,english,A,1
looks,word,english,A,1
attention,word,english,A,1
cases,word,english,A,1
comment,word,english,A,1
lines,word,english,A,1
necessary,word,english,A,1
store,word,english,A,1
resume,word,english,A,1
change,word,english,A,1
black,word,english,A,1
issue,word,english,A,1
appears,word,english,A,1
direction,word,english,A,1
quickly,word,english,A,1
anyone,word,english,A,1
sequence,word,english,A,1
blood,word,english,A,1
popular,word,english,A,1
available,word,english,A,1
means,word,english,A,1
names,word,english,A,1
alone,word,english,A,1
subject,word,english,A,1
section,word,english,A,1
attitude,word,english,A,1
present,word,english,A,1
between,word,english,A,1
proposal,word,english,A,1
section,word,english,A,1
doubt,word,english,A,1
therefore,word,english,A,1
period,word,english,A,1
course,word,english,A,1
questions,word,english,A,1
learn,word,english,A,1
contract,word,english,A,1
minutes,word,english,A,1
surface,word,english,A,1
option,word,english,A,1
apartment,word,english,A,1
country,word,english,A,1
having,word,english,A,1
agree,word,english,A,1
taken,word,english,A,1
vhatevar,non_word,english,A,2
tabel,non_word,english,A,2
brundal,non_word,english,A,2
fethers,non_word,english,A,2
folwing,non_word,english,A,2
lowar,non_word,english,A,2
anonimus,non_word,english,A,2
skillis,non_word,english,A,2
vvhite,non_word,english,A,2
whrong,non_word,english,A,2
twib,non_word,english,A,2
isue,non_word,english,A,2
commuty,non_word,english,A,2
flind,non_word,english,A,2
avobe,non_word,english,A,2
becuase,non_word,english,A,2
sorces,non_word,english,A,2
naturul,non_word,english,A,2
idaes,non_word,english,A,2
starteng,non_word,english,A,2
gristone,non_word,english,A,2
outcide,non_word,english,A,2
crindle,non_word,english,A,2
efect,non_word,english,A,2
wemen,non_word,english,A,2
neels,non_word,english,A,2
thingle,non_word,english,A,2
grumple,non_word,english,A,2
wiling,non_word,english,A,2
drubble,non_word,english,A,2
prezent,non_word,english,A,2
briff,non_word,english,A,2
smille,non_word,english,A,2
blidge,non_word,english,A,2
neans,non_word,english,A,2
mitilar,non_word,english,A,2
driwe,non_word,english,A,2
detales,non_word,english,A,2
stope,non_word,english,A,2
plag,non_word,english,A,2
glape,non_word,english,A,2
krindel,non_word,english,A,2
tryine,non_word,english,A,2
naybe,non_word,english,A,2
blakc,non_word,english,A,2
frundle,non_word,english,A,2
wile,non_word,english,A,2
physicel,non_word,english,A,2
digetal,non_word,english,A,2
laern,non_word,english,A,2
decieded,non_word,english,A,2
prorame,non_word,english,A,2
chreltor,non_word,english,A,2
learly,non_word,english,A,2
spik,non_word,english,A,2
dowbt,non_word,english,A,2
litsts,non_word,english,A,2
grintle,non_word,english,A,2
includse,non_word,english,A,2
kight,non_word,english,A,2
chlone,non_word,english,A,2
litimed,non_word,english,A,2
drivors,non_word,english,A,2
ucing,non_word,english,A,2
sland,non_word,english,A,2
glispen,non_word,english,A,2
seemes,non_word,english,A,2
driwer,non_word,english,A,2
dretorn,non_word,english,A,2
plaing,non_word,english,A,2
estory,non_word,english,A,2
vexmar,non_word,english,A,2
vhite,non_word,english,A,2
bildinge,non_word,english,A,2
pliff,non_word,english,A,2
istelf,non_word,english,A,2
parrut,non_word,english,A,2
truft,non_word,english,A,2
knoledge,non_word,english,A,2
reweise,non_word,english,A,2
prepident,non_word,english,A,2
blain,non_word,english,A,2
indsted,non_word,english,A,2
amage,non_word,english,A,2
argee,non_word,english,A,2
quiete,non_word,english,A,2
waks,non_word,english,A,2
twug,non_word,english,A,2
alung,non_word,english,A,2
scorven,non_word,english,A,2
stret,non_word,english,A,2
aucton,non_word,english,A,2
braff,non_word,english,A,2
nobetook,non_word,english,A,2
hystums,non_word,english,A,2
brindor,non_word,english,A,2
drint,non_word,english,A,2
smort,non_word,english,A,2
brimg,non_word,english,A,2
drouver,non_word,english,A,2
fone,non_word,english,A,2
mebers,non_word,english,A,2
titems,non_word,english,A,2
vintz,non_word,english,A,2
strufix,non_word,english,A,2
clorve,non_word,english,A,2
cemidal,non_word,english,A,2
snorf,non_word,english,A,2
luks,non_word,english,A,2
plestun,non_word,english,A,2
sduty,non_word,english,A,2
grumplet,non_word,english,A,2
shuld,non_word,english,A,2
geves,non_word,english,A,2
reatily,non_word,english,A,2
cantract,non_word,english,A,2
druvex,non_word,english,A,2
franx,non_word,english,A,2
avrage,non_word,english,A,2
sience,non_word,english,A,2
varieus,non_word,english,A,2
blumptor,non_word,english,A,2
takingg,non_word,english,A,2
rhows,non_word,english,A,2
takling,non_word,english,A,2
milone,non_word,english,A,2
flenvor,non_word,english,A,2
functune,non_word,english,A,2
subjekt,non_word,english,A,2
ceenter,non_word,english,A,2
komment,non_word,english,A,2
umbrela,non_word,english,A,2
smape,non_word,english,A,2
snerkle,non_word,english,A,2
kelling,non_word,english,A,2
brak,non_word,english,A,2
thrunge,non_word,english,A,2
perfet,non_word,english,A,2
frindol,non_word,english,A,2
nuite,non_word,english,A,2
hawing,non_word,english,A,2
flarve,non_word,english,A,2
parrts,non_word,english,A,2
chroft,non_word,english,A,2
musik,non_word,english,A,2
fount,non_word,english,A,2
flerm,non_word,english,A,2
cald,non_word,english,A,2
blarn,non_word,english,A,2
guass,non_word,english,A,2
huose,non_word,english,A,2
squimble,non_word,english,A,2
drantle,non_word,english,A,2
contrel,non_word,english,A,2
frond,non_word,english,A,2
fimal,non_word,english,A,2
laterr,non_word,english,A,2
nanes,non_word,english,A,2
बगल ,word,hindi,B,1
तरस ,word,hindi,B,1
भगत ,word,hindi,B,1
उलझ ,word,hindi,B,1
श्रम ,word,hindi,B,1
आदत ,word,hindi,B,1
कमर ,word,hindi,B,1
अवसर ,word,hindi,B,1
दलदल ,word,hindi,B,1
कलम ,word,hindi,B,1
चरण ,word,hindi,B,1
बारह ,word,hindi,B,1
सलाहकार ,word,hindi,B,1
प्रदान ,word,hindi,B,1
प्रतिदिन ,word,hindi,B,1
माफिया ,word,hindi,B,1
नागरिक ,word,hindi,B,1
तैयार ,word,hindi,B,1
चादर ,word,hindi,B,1
समर्थक ,word,hindi,B,1
गुलशन ,word,hindi,B,1
तालाब ,word,hindi,B,1
पार्वती ,word,hindi,B,1
अथवा ,word,hindi,B,1
अनंत ,word,hindi,B,1
झोपड़ी ,word,hindi,B,1
पाठक ,word,hindi,B,1
जनजाति ,word,hindi,B,1
जगतार ,word,hindi,B,1
हालात ,word,hindi,B,1
दौरान ,word,hindi,B,1
गरीबी ,word,hindi,B,1
विरोध ,word,hindi,B,1
समुदाय ,word,hindi,B,1
मौजूद ,word,hindi,B,1
नायक ,word,hindi,B,1
भाईचारा ,word,hindi,B,1
मासिक ,word,hindi,B,1
वार्षिक ,word,hindi,B,1
कार्यालय ,word,hindi,B,1
गौरतलब ,word,hindi,B,1
पसंद ,word,hindi,B,1
मिसाल ,word,hindi,B,1
अदालत ,word,hindi,B,1
सार्थक ,word,hindi,B,1
सुरक्षित ,word,hindi,B,1
बादल ,word,hindi,B,1
रुपए ,word,hindi,B,1
रक्त ,word,hindi,B,1
जलस्तर ,word,hindi,B,1
ध्वस्त ,word,hindi,B,1
अवश्य ,word,hindi,B,1
व्यस्त ,word,hindi,B,1
उपलक्ष्य ,word,hindi,B,1
स्वस्थ ,word,hindi,B,1
नष्ट ,word,hindi,B,1
समस्त ,word,hindi,B,1
लक्ष्मण ,word,hindi,B,1
अक्सर ,word,hindi,B,1
उत्पन्न ,word,hindi,B,1
पत्थर ,word,hindi,B,1
स्व ,word,hindi,B,1
दफ्तर ,word,hindi,B,1
स्वच्छ ,word,hindi,B,1
महत्व ,word,hindi,B,1
स्पष्ट ,word,hindi,B,1
सख्त ,word,hindi,B,1
जब्त ,word,hindi,B,1
जन्म ,word,hindi,B,1
वक्त ,word,hindi,B,1
मरम्मत ,word,hindi,B,1
खत्म ,word,hindi,B,1
आवश्यक ,word,hindi,B,1
अगस्त ,word,hindi,B,1
व्यक्त ,word,hindi,B,1
टक्कर ,word,hindi,B,1
उपलब्ध ,word,hindi,B,1
स्तर ,word,hindi,B,1
जल्द ,word,hindi,B,1
उक्त ,word,hindi,B,1
सदस्य ,word,hindi,B,1
अध्यक्ष ,word,hindi,B,1
अन्य ,word,hindi,B,1
जागृति ,word,hindi,B,1
प्रदेश ,word,hindi,B,1
परिजन ,word,hindi,B,1
देवर ,word,hindi,B,1
चाहिए ,word,hindi,B,1
शीतल ,word,hindi,B,1
आतंकवाद ,word,hindi,B,1
अंधेरे ,word,hindi,B,1
बातचीत ,word,hindi,B,1
दैनिक ,word,hindi,B,1
मंजूर ,word,hindi,B,1
कंबल ,word,hindi,B,1
शरीर ,word,hindi,B,1
सवार ,word,hindi,B,1
शिकार ,word,hindi,B,1
शासन ,word,hindi,B,1
बाहर ,word,hindi,B,1
सबके ,word,hindi,B,1
वाहन ,word,hindi,B,1
प्रतिवर्ष ,word,hindi,B,1
नाराजगी ,word,hindi,B,1
हवाई ,word,hindi,B,1
मुहैया ,word,hindi,B,1
नगरी ,word,hindi,B,1
लिखित ,word,hindi,B,1
राहत ,word,hindi,B,1
निबंध ,word,hindi,B,1
कैलाश ,word,hindi,B,1
चालक ,word,hindi,B,1
हमने ,word,hindi,B,1
आंकड़ा ,word,hindi,B,1
निकेतन ,word,hindi,B,1
प्रमाण ,word,hindi,B,1
तुलसी ,word,hindi,B,1
महानगर ,word,hindi,B,1
एकजुट ,word,hindi,B,1
कहर ,word,hindi,B,1
वचन ,word,hindi,B,1
शरण ,word,hindi,B,1
मतलब ,word,hindi,B,1
भगदड़ ,word,hindi,B,1
महज ,word,hindi,B,1
कलश ,word,hindi,B,1
लटक ,word,hindi,B,1
अबतक ,word,hindi,B,1
अलग ,word,hindi,B,1
लथपथ ,word,hindi,B,1
अभय ,word,hindi,B,1
नगद ,word,hindi,B,1
गठन ,word,hindi,B,1
नजर ,word,hindi,B,1
अमर ,word,hindi,B,1
एकल ,word,hindi,B,1
मटर ,word,hindi,B,1
पहन ,word,hindi,B,1
कमल ,word,hindi,B,1
उदय ,word,hindi,B,1
कदर ,word,hindi,B,1
मदद ,word,hindi,B,1
असफल ,word,hindi,B,1
हरकत ,word,hindi,B,1
पहल ,word,hindi,B,1
दरअसल ,word,hindi,B,1
उमस ,word,hindi,B,1
बचत ,word,hindi,B,1
आरक्षण ,word,hindi,B,1
वतन ,word,hindi,B,1
बजकर ,word,hindi,B,1
आदर ,word,hindi,B,1
तरह ,word,hindi,B,1
फसल ,word,hindi,B,1
महल ,word,hindi,B,1
भड़क ,word,hindi,B,1
सदन ,word,hindi,B,1
चन्द ,word,hindi,B,1
अन्न ,word,hindi,B,1
जख्म ,word,hindi,B,1
शक्ल ,word,hindi,B,1
उन्नत ,word,hindi,B,1
कष्ट ,word,hindi,B,1
रहस्यमय ,word,hindi,B,1
तख्त ,word,hindi,B,1
मक्खन ,word,hindi,B,1
आनन्द ,word,hindi,B,1
दस्त ,word,hindi,B,1
उच्चतर ,word,hindi,B,1
मध्यम ,word,hindi,B,1
अस्त ,word,hindi,B,1
उज्जवल ,word,hindi,B,1
ध्वज ,word,hindi,B,1
कत्ल ,word,hindi,B,1
छप्पर ,word,hindi,B,1
शख्स ,word,hindi,B,1
स्वर ,word,hindi,B,1
तथ्य ,word,hindi,B,1
खण्ड ,word,hindi,B,1
मच्छर ,word,hindi,B,1
रस्म ,word,hindi,B,1
रद्द ,word,hindi,B,1
वस्त्र ,word,hindi,B,1
सशक्त ,word,hindi,B,1
दस्तक ,word,hindi,B,1
तत्व ,word,hindi,B,1
जबरदस्त ,word,hindi,B,1
जश्न ,word,hindi,B,1
सम्भल ,word,hindi,B,1
अध्ययन ,word,hindi,B,1
वजह ,word,hindi,B,1
अनशन ,word,hindi,B,1
आगमन ,word,hindi,B,1
जबरन ,word,hindi,B,1
तलब ,word,hindi,B,1
रहकर ,word,hindi,B,1
दहन ,word,hindi,B,1
कसर ,word,hindi,B,1
रक्षक ,word,hindi,B,1
हलचल ,word,hindi,B,1
दहशत ,word,hindi,B,1
महक ,word,hindi,B,1
अवगत ,word,hindi,B,1
उसपर ,word,hindi,B,1
पठन ,word,hindi,B,1
नयन ,word,hindi,B,1
सहमत ,word,hindi,B,1
आजकल ,word,hindi,B,1
दशक ,word,hindi,B,1
सहज ,word,hindi,B,1
एकत्र ,word,hindi,B,1
सहन ,word,hindi,B,1
पदक ,word,hindi,B,1
गरम ,word,hindi,B,1
बदलकर ,word,hindi,B,1
उपकरण ,word,hindi,B,1
आचरण ,word,hindi,B,1
पकड़ ,word,hindi,B,1
लहर ,word,hindi,B,1
असर ,word,hindi,B,1
खपत ,word,hindi,B,1
आपस ,word,hindi,B,1
अटल ,word,hindi,B,1
नहर ,word,hindi,B,1
अगर ,word,hindi,B,1
आयकर ,word,hindi,B,1
समक्ष ,word,hindi,B,1
सरल ,word,hindi,B,1
परम ,word,hindi,B,1
बहस ,word,hindi,B,1
गायक ,word,hindi,B,1
अनेक ,word,hindi,B,1
बलिदान ,word,hindi,B,1
धूमधाम ,word,hindi,B,1
ग्राहक ,word,hindi,B,1
निराकरण ,word,hindi,B,1
बर्बादी ,word,hindi,B,1
प्रेरणा ,word,hindi,B,1
चालान ,word,hindi,B,1
खोकर ,word,hindi,B,1
तहसील ,word,hindi,B,1
नजारा ,word,hindi,B,1
वापस ,word,hindi,B,1
आर्थिक ,word,hindi,B,1
प्रहार ,word,hindi,B,1
दोबारा ,word,hindi,B,1
अपहृत ,word,hindi,B,1
मशीन ,word,hindi,B,1
पहले ,word,hindi,B,1
आवारा ,word,hindi,B,1
हिरासत ,word,hindi,B,1
ऊंचाई ,word,hindi,B,1
महीना ,word,hindi,B,1
शरारती ,word,hindi,B,1
रणनीति ,word,hindi,B,1
मजबूती ,word,hindi,B,1
कपूर ,word,hindi,B,1
निगम ,word,hindi,B,1
विवादित ,word,hindi,B,1
किनारे ,word,hindi,B,1
छापेमारी ,word,hindi,B,1
हंगामा ,word,hindi,B,1
कराया ,word,hindi,B,1
तीसरा ,word,hindi,B,1
सहायता ,word,hindi,B,1
गवाही ,word,hindi,B,1
साजिश ,word,hindi,B,1
अपनी ,word,hindi,B,1
अभाव ,word,hindi,B,1
बन्धक ,word,hindi,B,1
असभ्य ,word,hindi,B,1
अक्ल ,word,hindi,B,1
आलस्य ,word,hindi,B,1
मस्तक ,word,hindi,B,1
दण्ड ,word,hindi,B,1
भस्म ,word,hindi,B,1
खच्चर ,word,hindi,B,1
वयस्क ,word,hindi,B,1
अन्तर ,word,hindi,B,1
कत्थक ,word,hindi,B,1
स्तन ,word,hindi,B,1
असत्य ,word,hindi,B,1
अन्त ,word,hindi,B,1
हस्त ,word,hindi,B,1
लक्कड़ ,word,hindi,B,1
दस्तखत ,word,hindi,B,1
नब्ज ,word,hindi,B,1
मगरमच्छ ,word,hindi,B,1
पस्त ,word,hindi,B,1
छप्पन ,word,hindi,B,1
अपशब्द ,word,hindi,B,1
धन्य ,word,hindi,B,1
भक्तजन ,word,hindi,B,1
सभ्य ,word,hindi,B,1
समयबद्ध ,word,hindi,B,1
वचनबद्ध ,word,hindi,B,1
नतमस्तक ,word,hindi,B,1
वल्लभ ,word,hindi,B,1
अल्प ,word,hindi,B,1
बन्द ,word,hindi,B,1
उच्चतम ,word,hindi,B,1
इज्जत ,word,hindi,B,1
मस्त ,word,hindi,B,1
अखवर,non_word,hindi,B,2
अटवर,non_word,hindi,B,2
अपव,non_word,hindi,B,2
अमरल,non_word,hindi,B,2
अवगतन,non_word,hindi,B,2
अशल,non_word,hindi,B,2
आघमन,non_word,hindi,B,2
आदस,non_word,hindi,B,2
आरकण,non_word,hindi,B,2
आरक्ष,non_word,hindi,B,2
इधम,non_word,hindi,B,2
उगर,non_word,hindi,B,2
उठखर,non_word,hindi,B,2
उठर,non_word,hindi,B,2
उतरक,non_word,hindi,B,2
उनड़,non_word,hindi,B,2
उपक,non_word,hindi,B,2
उपहल,non_word,hindi,B,2
उमठ,non_word,hindi,B,2
कदरल,non_word,hindi,B,2
कमम,non_word,hindi,B,2
कसण,non_word,hindi,B,2
कसरन,non_word,hindi,B,2
खबरल,non_word,hindi,B,2
खबल,non_word,hindi,B,2
गगनल,non_word,hindi,B,2
गहण,non_word,hindi,B,2
घटन,non_word,hindi,B,2
घलक,non_word,hindi,B,2
चमकल,non_word,hindi,B,2
अंदेरे,non_word,hindi,B,2
अमिल,non_word,hindi,B,2
अवाव,non_word,hindi,B,2
अवैल,non_word,hindi,B,2
आदमि,non_word,hindi,B,2
आदमे,non_word,hindi,B,2
आपणी,non_word,hindi,B,2
आरकल,non_word,hindi,B,2
आर्थीक,non_word,hindi,B,2
आवार,non_word,hindi,B,2
इंसाण,non_word,hindi,B,2
उपमंदल,non_word,hindi,B,2
करोण,non_word,hindi,B,2
कारिल्य,non_word,hindi,B,2
कुपूर,non_word,hindi,B,2
खबकी,non_word,hindi,B,2
खलाफ,non_word,hindi,B,2
खोकरा,non_word,hindi,B,2
गरबी,non_word,hindi,B,2
गायोक,non_word,hindi,B,2
चदार,non_word,hindi,B,2
चहला,non_word,hindi,B,2
चातर,non_word,hindi,B,2
तालब,non_word,hindi,B,2
अक्क्षण,non_word,hindi,B,2
अक्शर,non_word,hindi,B,2
अच्ल,non_word,hindi,B,2
अध्यक्षर,non_word,hindi,B,2
अन्कय,non_word,hindi,B,2
अन्क्षण,non_word,hindi,B,2
अन्टय,non_word,hindi,B,2
अन्द,non_word,hindi,B,2
अरम्भ,non_word,hindi,B,2
अल्क्षण,non_word,hindi,B,2
अल्य,non_word,hindi,B,2
अस्षर,non_word,hindi,B,2
आत्मल,non_word,hindi,B,2
आवश्क,non_word,hindi,B,2
आश्व्स,non_word,hindi,B,2
इश्क्क,non_word,hindi,B,2
उच्छ,non_word,hindi,B,2
उज्झवल,non_word,hindi,B,2
उत्थर,non_word,hindi,B,2
उत्‍पन,non_word,hindi,B,2
उपलब्द,non_word,hindi,B,2
एकल्व,non_word,hindi,B,2
कक्कद,non_word,hindi,B,2
कच्छर,non_word,hindi,B,2
कण्ड,non_word,hindi,B,2
कब्म,non_word,hindi,B,2
क्मल,non_word,hindi,B,2
क्यल,non_word,hindi,B,2
क्लल,non_word,hindi,B,2
खच्छर,non_word,hindi,B,2
ख्पर,non_word,hindi,B,2
चन्‍ध,non_word,hindi,B,2
च्वल,non_word,hindi,B,2
जण्म,non_word,hindi,B,2
महागर,non_word,hindi,B,2
महीज,non_word,hindi,B,2
मानदया,non_word,hindi,B,2
माहिना,non_word,hindi,B,2
मिटन,non_word,hindi,B,2
मौझद,non_word,hindi,B,2
मौदूद,non_word,hindi,B,2
रणनीथी,non_word,hindi,B,2
लचीक,non_word,hindi,B,2
लिखट,non_word,hindi,B,2
वसुन,non_word,hindi,B,2
वारषिक,non_word,hindi,B,2
विकक्ष,non_word,hindi,B,2
विचाह,non_word,hindi,B,2
शकीर,non_word,hindi,B,2
शरही,non_word,hindi,B,2
शहीर,non_word,hindi,B,2
शासान,non_word,hindi,B,2
शिवार,non_word,hindi,B,2
शीटल,non_word,hindi,B,2
सबूल,non_word,hindi,B,2
समदाय,non_word,hindi,B,2
समूर,non_word,hindi,B,2
सरीव,non_word,hindi,B,2
सहायटा,non_word,hindi,B,2
साजाश,non_word,hindi,B,2
हरकरी,non_word,hindi,B,2
हवायि,non_word,hindi,B,2
हिरास,non_word,hindi,B,2
भरकन,non_word,hindi,B,2
मकलब,non_word,hindi,B,2
मकसल,non_word,hindi,B,2
मतलम,non_word,hindi,B,2
महकल,non_word,hindi,B,2
रहक,non_word,hindi,B,2
रहनर,non_word,hindi,B,2
रहल,non_word,hindi,B,2
लक्षल,non_word,hindi,B,2
लटकल,non_word,hindi,B,2
लदपत,non_word,hindi,B,2
वजनल,non_word,hindi,B,2
सगहन,non_word,hindi,B,2
सघल,non_word,hindi,B,2
सजक,non_word,hindi,B,2
सजद,non_word,hindi,B,2
सजर,non_word,hindi,B,2
सडन,non_word,hindi,B,2
सतयक,non_word,hindi,B,2
सफरल,non_word,hindi,B,2
सफलन,non_word,hindi,B,2
सरख,non_word,hindi,B,2
सरमत,non_word,hindi,B,2
सरलन,non_word,hindi,B,2
सरहर,non_word,hindi,B,2
सहट,non_word,hindi,B,2
हटकन,non_word,hindi,B,2
हड़कर,non_word,hindi,B,2
हरकतन,non_word,hindi,B,2
हरकल,non_word,hindi,B,2
हवण,non_word,hindi,B,2
मक्कन,non_word,hindi,B,2
मस्कत,non_word,hindi,B,2
रक्‍ठ,non_word,hindi,B,2
रत्क,non_word,hindi,B,2
रहस्स्य,non_word,hindi,B,2
लक्टण,non_word,hindi,B,2
लक्श्य,non_word,hindi,B,2
लक्ष्म,non_word,hindi,B,2
व्यक्तन,non_word,hindi,B,2
शब्ध,non_word,hindi,B,2
श्क्कर,non_word,hindi,B,2
सज्जण,non_word,hindi,B,2
सभ्यन,non_word,hindi,B,2
समस्थक,non_word,hindi,B,2
सम्भक,non_word,hindi,B,2
सम्भर,non_word,hindi,B,2
सम्भलर,non_word,hindi,B,2
स्‍टन,non_word,hindi,B,2
स्तार,non_word,hindi,B,2
स्थन,non_word,hindi,B,2
स्पट,non_word,hindi,B,2
स्पस्ट,non_word,hindi,B,2
स्मरन,non_word,hindi,B,2
स्वच्च,non_word,hindi,B,2
स्वत,non_word,hindi,B,2
स्वस्ठ,non_word,hindi,B,2
स्वस्त,non_word,hindi,B,2
स्वार,non_word,hindi,B,2
चेयन,non_word,hindi,B,2
जगद,non_word,hindi,B,2
तलक,non_word,hindi,B,2
तलबल,non_word,hindi,B,2
दमकलन,non_word,hindi,B,2
दमल,non_word,hindi,B,2
दरशल,non_word,hindi,B,2
दहकत,non_word,hindi,B,2
दहभत,non_word,hindi,B,2
नकड,non_word,hindi,B,2
नकदत,non_word,hindi,B,2
नगड़,non_word,hindi,B,2
नफदत,non_word,hindi,B,2
नमकल,non_word,hindi,B,2
नमल,non_word,hindi,B,2
नयनत,non_word,hindi,B,2
नवन,non_word,hindi,B,2
नहन,non_word,hindi,B,2
पडक,non_word,hindi,B,2
पदकम,non_word,hindi,B,2
पनक,non_word,hindi,B,2
परमव,non_word,hindi,B,2
पलकल,non_word,hindi,B,2
पलन,non_word,hindi,B,2
पलम,non_word,hindi,B,2
पहक,non_word,hindi,B,2
पहत,non_word,hindi,B,2
बचतल,non_word,hindi,B,2
बचपल,non_word,hindi,B,2
बजल,non_word,hindi,B,2
बदडर,non_word,hindi,B,2
बनक,non_word,hindi,B,2
बहपर,non_word,hindi,B,2
भगतम,non_word,hindi,B,2
भगदन,non_word,hindi,B,2
भजल,non_word,hindi,B,2
भड़कन,non_word,hindi,B,2
भरक,non_word,hindi,B,2
तैया,non_word,hindi,B,2
दोस,non_word,hindi,B,2
धेज,non_word,hindi,B,2
नजरा,non_word,hindi,B,2
नशीरा,non_word,hindi,B,2
नसीत,non_word,hindi,B,2
नायकु,non_word,hindi,B,2
नायरी,non_word,hindi,B,2
निशाम,non_word,hindi,B,2
नेतल,non_word,hindi,B,2
पंर्वती,non_word,hindi,B,2
परवा,non_word,hindi,B,2
परिजिन,non_word,hindi,B,2
पहलै,non_word,hindi,B,2
पूर्ष,non_word,hindi,B,2
प्रमुश,non_word,hindi,B,2
प्रेरय,non_word,hindi,B,2
बकापन,non_word,hindi,B,2
बजदूर,non_word,hindi,B,2
बर्बाधी,non_word,hindi,B,2
बादगी,non_word,hindi,B,2
बाहीर,non_word,hindi,B,2
बिकर,non_word,hindi,B,2
भतीक,non_word,hindi,B,2
भेकता,non_word,hindi,B,2
मंजल,non_word,hindi,B,2
मधुपब,non_word,hindi,B,2
जस्त,non_word,hindi,B,2
झख्म,non_word,hindi,B,2
टक्कन,non_word,hindi,B,2
ठक्‍त,non_word,hindi,B,2
ठप्पर,non_word,hindi,B,2
ढक्कल,non_word,hindi,B,2
तत्य,non_word,hindi,B,2
तव्त,non_word,hindi,B,2
त्कल,non_word,hindi,B,2
थप्पल,non_word,hindi,B,2
दण्ट,non_word,hindi,B,2
दन्ष,non_word,hindi,B,2
दम्कर,non_word,hindi,B,2
दस्क,non_word,hindi,B,2
दस्‍ठ,non_word,hindi,B,2
दस्तकठ,non_word,hindi,B,2
दस्तकन,non_word,hindi,B,2
ध्वझ,non_word,hindi,B,2
ध्वश्त,non_word,hindi,B,2
नष्टा,non_word,hindi,B,2
नष्ठ,non_word,hindi,B,2
पत्क,non_word,hindi,B,2
प्ठन,non_word,hindi,B,2
फ्वल,non_word,hindi,B,2
बन्दहक,non_word,hindi,B,2
ब्वल,non_word,hindi,B,2
भक्क,non_word,hindi,B,2
watch,word,english,C,1
press,word,english,C,1
sources,word,english,C,1
freedom,word,english,C,1
product,word,english,C,1
generally,word,english,C,1
seems,word,english,C,1
clone,word,english,C,1
words,word,english,C,1
articles,word,english,C,1
outside,word,english,C,1
become,word,english,C,1
project,word,english,C,1
following,word,english,C,1
numbers,word,english,C,1
trying,word,english,C,1
known,word,english,C,1
excellent,word,english,C,1
needs,word,english,C,1
drive,word,english,C,1
welfare,word,english,C,1
message,word,english,C,1
willing,word,english,C,1
certainly,word,english,C,1
location,word,english,C,1
watch,word,english,C,1
press,word,english,C,1
sources,word,english,C,1
freedom,word,english,C,1
product,word,english,C,1
generally,word,english,C,1
seems,word,english,C,1
clone,word,english,C,1
words,word,english,C,1
articles,word,english,C,1
outside,word,english,C,1
become,word,english,C,1
project,word,english,C,1
following,word,english,C,1
numbers,word,english,C,1
trying,word,english,C,1
known,word,english,C,1
excellent,word,english,C,1
needs,word,english,C,1
drive,word,english,C,1
welfare,word,english,C,1
message,word,english,C,1
willing,word,english,C,1
certainly,word,english,C,1
location,word,english,C,1
making,word,english,C,1
species,word,english,C,1
request,word,english,C,1
science,word,english,C,1
solution,word,english,C,1
living,word,english,C,1
under,word,english,C,1
study,word,english,C,1
reference,word,english,C,1
trade,word,english,C,1
green,word,english,C,1
takes,word,english,C,1
exactly,word,english,C,1
address,word,english,C,1
offer,word,english,C,1
report,word,english,C,1
table,word,english,C,1
income,word,english,C,1
material,word,english,C,1
today,word,english,C,1
systems,word,english,C,1
because,word,english,C,1
political,word,english,C,1
weeks,word,english,C,1
energy,word,english,C,1
great,word,english,C,1
needed,word,english,C,1
advance,word,english,C,1
capital,word,english,C,1
contact,word,english,C,1
rules,word,english,C,1
digital,word,english,C,1
force,word,english,C,1
guess,word,english,C,1
increase,word,english,C,1
physical,word,english,C,1
natural,word,english,C,1
ability,word,english,C,1
hospital,word,english,C,1
attempt,word,english,C,1
support,word,english,C,1
young,word,english,C,1
monitor,word,english,C,1
south,word,english,C,1
meaning,word,english,C,1
street,word,english,C,1
music,word,english,C,1
security,word,english,C,1
medical,word,english,C,1
power,word,english,C,1
always,word,english,C,1
shows,word,english,C,1
though,word,english,C,1
painting,word,english,C,1
average,word,english,C,1
using,word,english,C,1
skills,word,english,C,1
water,word,english,C,1
resources,word,english,C,1
likely,word,english,C,1
military,word,english,C,1
evidence,word,english,C,1
mailing,word,english,C,1
brain,word,english,C,1
along,word,english,C,1
found,word,english,C,1
friend,word,english,C,1
manager,word,english,C,1
limited,word,english,C,1
records,word,english,C,1
model,word,english,C,1
million,word,english,C,1
field,word,english,C,1
private,word,english,C,1
respond,word,english,C,1
called,word,english,C,1
story,word,english,C,1
myself,word,english,C,1
failure,word,english,C,1
command,word,english,C,1
sound,word,english,C,1
resource,word,english,C,1
playing,word,english,C,1
strong,word,english,C,1
whether,word,english,C,1
pages,word,english,C,1
front,word,english,C,1
effect,word,english,C,1
looks,word,english,C,1
attention,word,english,C,1
cases,word,english,C,1
comment,word,english,C,1
lines,word,english,C,1
necessary,word,english,C,1
store,word,english,C,1
resume,word,english,C,1
change,word,english,C,1
black,word,english,C,1
issue,word,english,C,1
appears,word,english,C,1
direction,word,english,C,1
quickly,word,english,C,1
anyone,word,english,C,1
sequence,word,english,C,1
blood,word,english,C,1
popular,word,english,C,1
available,word,english,C,1
means,word,english,C,1
names,word,english,C,1
alone,word,english,C,1
subject,word,english,C,1
section,word,english,C,1
attitude,word,english,C,1
present,word,english,C,1
between,word,english,C,1
proposal,word,english,C,1
section,word,english,C,1
doubt,word,english,C,1
therefore,word,english,C,1
period,word,english,C,1
course,word,english,C,1
questions,word,english,C,1
learn,word,english,C,1
contract,word,english,C,1
minutes,word,english,C,1
surface,word,english,C,1
option,word,english,C,1
apartment,word,english,C,1
country,word,english,C,1
having,word,english,C,1
agree,word,english,C,1
taken,word,english,C,1
vhatevar,non_word,english,C,2
tabel,non_word,english,C,2
brundal,non_word,english,C,2
fethers,non_word,english,C,2
folwing,non_word,english,C,2
lowar,non_word,english,C,2
anonimus,non_word,english,C,2
skillis,non_word,english,C,2
vvhite,non_word,english,C,2
whrong,non_word,english,C,2
twib,non_word,english,C,2
isue,non_word,english,C,2
commuty,non_word,english,C,2
flind,non_word,english,C,2
avobe,non_word,english,C,2
becuase,non_word,english,C,2
sorces,non_word,english,C,2
naturul,non_word,english,C,2
idaes,non_word,english,C,2
starteng,non_word,english,C,2
gristone,non_word,english,C,2
outcide,non_word,english,C,2
crindle,non_word,english,C,2
efect,non_word,english,C,2
wemen,non_word,english,C,2
neels,non_word,english,C,2
thingle,non_word,english,C,2
grumple,non_word,english,C,2
wiling,non_word,english,C,2
drubble,non_word,english,C,2
prezent,non_word,english,C,2
briff,non_word,english,C,2
smille,non_word,english,C,2
blidge,non_word,english,C,2
neans,non_word,english,C,2
mitilar,non_word,english,C,2
driwe,non_word,english,C,2
detales,non_word,english,C,2
stope,non_word,english,C,2
plag,non_word,english,C,2
glape,non_word,english,C,2
krindel,non_word,english,C,2
tryine,non_word,english,C,2
naybe,non_word,english,C,2
blakc,non_word,english,C,2
frundle,non_word,english,C,2
wile,non_word,english,C,2
physicel,non_word,english,C,2
digetal,non_word,english,C,2
laern,non_word,english,C,2
decieded,non_word,english,C,2
prorame,non_word,english,C,2
chreltor,non_word,english,C,2
learly,non_word,english,C,2
spik,non_word,english,C,2
dowbt,non_word,english,C,2
litsts,non_word,english,C,2
grintle,non_word,english,C,2
includse,non_word,english,C,2
kight,non_word,english,C,2
chlone,non_word,english,C,2
litimed,non_word,english,C,2
drivors,non_word,english,C,2
ucing,non_word,english,C,2
sland,non_word,english,C,2
glispen,non_word,english,C,2
seemes,non_word,english,C,2
driwer,non_word,english,C,2
dretorn,non_word,english,C,2
plaing,non_word,english,C,2
estory,non_word,english,C,2
vexmar,non_word,english,C,2
vhite,non_word,english,C,2
bildinge,non_word,english,C,2
pliff,non_word,english,C,2
istelf,non_word,english,C,2
parrut,non_word,english,C,2
truft,non_word,english,C,2
knoledge,non_word,english,C,2
reweise,non_word,english,C,2
prepident,non_word,english,C,2
blain,non_word,english,C,2
indsted,non_word,english,C,2
amage,non_word,english,C,2
argee,non_word,english,C,2
quiete,non_word,english,C,2
waks,non_word,english,C,2
twug,non_word,english,C,2
alung,non_word,english,C,2
scorven,non_word,english,C,2
stret,non_word,english,C,2
aucton,non_word,english,C,2
braff,non_word,english,C,2
nobetook,non_word,english,C,2
hystums,non_word,english,C,2
brindor,non_word,english,C,2
drint,non_word,english,C,2
smort,non_word,english,C,2
brimg,non_word,english,C,2
drouver,non_word,english,C,2
fone,non_word,english,C,2
mebers,non_word,english,C,2
titems,non_word,english,C,2
vintz,non_word,english,C,2
strufix,non_word,english,C,2
clorve,non_word,english,C,2
cemidal,non_word,english,C,2
snorf,non_word,english,C,2
luks,non_word,english,C,2
plestun,non_word,english,C,2
sduty,non_word,english,C,2
grumplet,non_word,english,C,2
shuld,non_word,english,C,2
geves,non_word,english,C,2
reatily,non_word,english,C,2
cantract,non_word,english,C,2
druvex,non_word,english,C,2
franx,non_word,english,C,2
avrage,non_word,english,C,2
sience,non_word,english,C,2
varieus,non_word,english,C,2
blumptor,non_word,english,C,2
takingg,non_word,english,C,2
rhows,non_word,english,C,2
takling,non_word,english,C,2
milone,non_word,english,C,2
flenvor,non_word,english,C,2
functune,non_word,english,C,2
subjekt,non_word,english,C,2
ceenter,non_word,english,C,2
komment,non_word,english,C,2
umbrela,non_word,english,C,2
smape,non_word,english,C,2
snerkle,non_word,english,C,2
kelling,non_word,english,C,2
brak,non_word,english,C,2
thrunge,non_word,english,C,2
perfet,non_word,english,C,2
frindol,non_word,english,C,2
nuite,non_word,english,C,2
hawing,non_word,english,C,2
flarve,non_word,english,C,2
parrts,non_word,english,C,2
chroft,non_word,english,C,2
musik,non_word,english,C,2
fount,non_word,english,C,2
flerm,non_word,english,C,2
cald,non_word,english,C,2
blarn,non_word,english,C,2
guass,non_word,english,C,2
huose,non_word,english,C,2
squimble,non_word,english,C,2
drantle,non_word,english,C,2
contrel,non_word,english,C,2
frond,non_word,english,C,2
fimal,non_word,english,C,2
laterr,non_word,english,C,2
nanes,non_word,english,C,2
कलह ,word,hindi,C,3
दमकल ,word,hindi,C,3
इसपर ,word,hindi,C,3
उतर ,word,hindi,C,3
उतरकर ,word,hindi,C,3
अहम ,word,hindi,C,3
वजन ,word,hindi,C,3
नकल ,word,hindi,C,3
झड़प ,word,hindi,C,3
सबक ,word,hindi,C,3
जहर ,word,hindi,C,3
बनकर ,word,hindi,C,3
नगर ,word,hindi,C,3
नमन ,word,hindi,C,3
बदतर ,word,hindi,C,3
उपज ,word,hindi,C,3
उठकर ,word,hindi,C,3
शपथ ,word,hindi,C,3
हवन ,word,hindi,C,3
भरकर ,word,hindi,C,3
अपहरण ,word,hindi,C,3
चयन ,word,hindi,C,3
गहन ,word,hindi,C,3
जमकर ,word,hindi,C,3
जगत ,word,hindi,C,3
बगल ,word,hindi,C,3
तरस ,word,hindi,C,3
भगत ,word,hindi,C,3
उलझ ,word,hindi,C,3
श्रम ,word,hindi,C,3
आदत ,word,hindi,C,3
कमर ,word,hindi,C,3
अवसर ,word,hindi,C,3
दलदल ,word,hindi,C,3
कलम ,word,hindi,C,3
चरण ,word,hindi,C,3
बारह ,word,hindi,C,3
सलाहकार ,word,hindi,C,3
प्रदान ,word,hindi,C,3
प्रतिदिन ,word,hindi,C,3
माफिया ,word,hindi,C,3
नागरिक ,word,hindi,C,3
तैयार ,word,hindi,C,3
चादर ,word,hindi,C,3
समर्थक ,word,hindi,C,3
गुलशन ,word,hindi,C,3
तालाब ,word,hindi,C,3
पार्वती ,word,hindi,C,3
अथवा ,word,hindi,C,3
अनंत ,word,hindi,C,3
झोपड़ी ,word,hindi,C,3
पाठक ,word,hindi,C,3
जनजाति ,word,hindi,C,3
जगतार ,word,hindi,C,3
हालात ,word,hindi,C,3
दौरान ,word,hindi,C,3
गरीबी ,word,hindi,C,3
विरोध ,word,hindi,C,3
समुदाय ,word,hindi,C,3
मौजूद ,word,hindi,C,3
नायक ,word,hindi,C,3
भाईचारा ,word,hindi,C,3
मासिक ,word,hindi,C,3
वार्षिक ,word,hindi,C,3
कार्यालय ,word,hindi,C,3
गौरतलब ,word,hindi,C,3
पसंद ,word,hindi,C,3
मिसाल ,word,hindi,C,3
अदालत ,word,hindi,C,3
सार्थक ,word,hindi,C,3
सुरक्षित ,word,hindi,C,3
बादल ,word,hindi,C,3
रुपए ,word,hindi,C,3
रक्त ,word,hindi,C,3
जलस्तर ,word,hindi,C,3
ध्वस्त ,word,hindi,C,3
अवश्य ,word,hindi,C,3
व्यस्त ,word,hindi,C,3
उपलक्ष्य ,word,hindi,C,3
स्वस्थ ,word,hindi,C,3
नष्ट ,word,hindi,C,3
समस्त ,word,hindi,C,3
लक्ष्मण ,word,hindi,C,3
अक्सर ,word,hindi,C,3
उत्पन्न ,word,hindi,C,3
पत्थर ,word,hindi,C,3
स्व ,word,hindi,C,3
दफ्तर ,word,hindi,C,3
स्वच्छ ,word,hindi,C,3
महत्व ,word,hindi,C,3
स्पष्ट ,word,hindi,C,3
सख्त ,word,hindi,C,3
जब्त ,word,hindi,C,3
जन्म ,word,hindi,C,3
वक्त ,word,hindi,C,3
मरम्मत ,word,hindi,C,3
खत्म ,word,hindi,C,3
आवश्यक ,word,hindi,C,3
अगस्त ,word,hindi,C,3
व्यक्त ,word,hindi,C,3
टक्कर ,word,hindi,C,3
उपलब्ध ,word,hindi,C,3
स्तर ,word,hindi,C,3
जल्द ,word,hindi,C,3
उक्त ,word,hindi,C,3
सदस्य ,word,hindi,C,3
अध्यक्ष ,word,hindi,C,3
अन्य ,word,hindi,C,3
जागृति ,word,hindi,C,3
प्रदेश ,word,hindi,C,3
परिजन ,word,hindi,C,3
देवर ,word,hindi,C,3
चाहिए ,word,hindi,C,3
शीतल ,word,hindi,C,3
आतंकवाद ,word,hindi,C,3
अंधेरे ,word,hindi,C,3
बातचीत ,word,hindi,C,3
दैनिक ,word,hindi,C,3
मंजूर ,word,hindi,C,3
कंबल ,word,hindi,C,3
शरीर ,word,hindi,C,3
सवार ,word,hindi,C,3
शिकार ,word,hindi,C,3
शासन ,word,hindi,C,3
बाहर ,word,hindi,C,3
सबके ,word,hindi,C,3
वाहन ,word,hindi,C,3
प्रतिवर्ष ,word,hindi,C,3
नाराजगी ,word,hindi,C,3
हवाई ,word,hindi,C,3
मुहैया ,word,hindi,C,3
नगरी ,word,hindi,C,3
लिखित ,word,hindi,C,3
राहत ,word,hindi,C,3
निबंध ,word,hindi,C,3
कैलाश ,word,hindi,C,3
चालक ,word,hindi,C,3
हमने ,word,hindi,C,3
आंकड़ा ,word,hindi,C,3
निकेतन ,word,hindi,C,3
प्रमाण ,word,hindi,C,3
तुलसी ,word,hindi,C,3
महानगर ,word,hindi,C,3
एकजुट ,word,hindi,C,3
कहर ,word,hindi,C,3
वचन ,word,hindi,C,3
शरण ,word,hindi,C,3
मतलब ,word,hindi,C,3
भगदड़ ,word,hindi,C,3
महज ,word,hindi,C,3
कलश ,word,hindi,C,3
लटक ,word,hindi,C,3
अबतक ,word,hindi,C,3
अलग ,word,hindi,C,3
लथपथ ,word,hindi,C,3
अभय ,word,hindi,C,3
नगद ,word,hindi,C,3
गठन ,word,hindi,C,3
नजर ,word,hindi,C,3
अमर ,word,hindi,C,3
एकल ,word,hindi,C,3
मटर ,word,hindi,C,3
पहन ,word,hindi,C,3
कमल ,word,hindi,C,3
उदय ,word,hindi,C,3
कदर ,word,hindi,C,3
मदद ,word,hindi,C,3
असफल ,word,hindi,C,3
हरकत ,word,hindi,C,3
पहल ,word,hindi,C,3
दरअसल ,word,hindi,C,3
उमस ,word,hindi,C,3
बचत ,word,hindi,C,3
आरक्षण ,word,hindi,C,3
वतन ,word,hindi,C,3
बजकर ,word,hindi,C,3
आदर ,word,hindi,C,3
तरह ,word,hindi,C,3
फसल ,word,hindi,C,3
महल ,word,hindi,C,3
भड़क ,word,hindi,C,3
सदन ,word,hindi,C,3
चन्द ,word,hindi,C,3
अन्न ,word,hindi,C,3
जख्म ,word,hindi,C,3
शक्ल ,word,hindi,C,3
उन्नत ,word,hindi,C,3
कष्ट ,word,hindi,C,3
रहस्यमय ,word,hindi,C,3
तख्त ,word,hindi,C,3
मक्खन ,word,hindi,C,3
आनन्द ,word,hindi,C,3
दस्त ,word,hindi,C,3
उच्चतर ,word,hindi,C,3
मध्यम ,word,hindi,C,3
अस्त ,word,hindi,C,3
उज्जवल ,word,hindi,C,3
ध्वज ,word,hindi,C,3
कत्ल ,word,hindi,C,3
छप्पर ,word,hindi,C,3
शख्स ,word,hindi,C,3
स्वर ,word,hindi,C,3
तथ्य ,word,hindi,C,3
खण्ड ,word,hindi,C,3
मच्छर ,word,hindi,C,3
रस्म ,word,hindi,C,3
रद्द ,word,hindi,C,3
वस्त्र ,word,hindi,C,3
सशक्त ,word,hindi,C,3
दस्तक ,word,hindi,C,3
तत्व ,word,hindi,C,3
जबरदस्त ,word,hindi,C,3
जश्न ,word,hindi,C,3
सम्भल ,word,hindi,C,3
अध्ययन ,word,hindi,C,3
वजह ,word,hindi,C,3
अनशन ,word,hindi,C,3
आगमन ,word,hindi,C,3
जबरन ,word,hindi,C,3
तलब ,word,hindi,C,3
रहकर ,word,hindi,C,3
दहन ,word,hindi,C,3
कसर ,word,hindi,C,3
रक्षक ,word,hindi,C,3
हलचल ,word,hindi,C,3
दहशत ,word,hindi,C,3
महक ,word,hindi,C,3
अवगत ,word,hindi,C,3
उसपर ,word,hindi,C,3
पठन ,word,hindi,C,3
नयन ,word,hindi,C,3
सहमत ,word,hindi,C,3
आजकल ,word,hindi,C,3
दशक ,word,hindi,C,3
सहज ,word,hindi,C,3
एकत्र ,word,hindi,C,3
सहन ,word,hindi,C,3
पदक ,word,hindi,C,3
गरम ,word,hindi,C,3
बदलकर ,word,hindi,C,3
उपकरण ,word,hindi,C,3
आचरण ,word,hindi,C,3
पकड़ ,word,hindi,C,3
लहर ,word,hindi,C,3
असर ,word,hindi,C,3
खपत ,word,hindi,C,3
आपस ,word,hindi,C,3
अटल ,word,hindi,C,3
नहर ,word,hindi,C,3
अगर ,word,hindi,C,3
आयकर ,word,hindi,C,3
समक्ष ,word,hindi,C,3
सरल ,word,hindi,C,3
परम ,word,hindi,C,3
बहस ,word,hindi,C,3
गायक ,word,hindi,C,3
अनेक ,word,hindi,C,3
बलिदान ,word,hindi,C,3
धूमधाम ,word,hindi,C,3
ग्राहक ,word,hindi,C,3
निराकरण ,word,hindi,C,3
बर्बादी ,word,hindi,C,3
प्रेरणा ,word,hindi,C,3
चालान ,word,hindi,C,3
खोकर ,word,hindi,C,3
तहसील ,word,hindi,C,3
नजारा ,word,hindi,C,3
वापस ,word,hindi,C,3
आर्थिक ,word,hindi,C,3
प्रहार ,word,hindi,C,3
दोबारा ,word,hindi,C,3
अपहृत ,word,hindi,C,3
मशीन ,word,hindi,C,3
पहले ,word,hindi,C,3
आवारा ,word,hindi,C,3
हिरासत ,word,hindi,C,3
ऊंचाई ,word,hindi,C,3
महीना ,word,hindi,C,3
शरारती ,word,hindi,C,3
रणनीति ,word,hindi,C,3
मजबूती ,word,hindi,C,3
कपूर ,word,hindi,C,3
निगम ,word,hindi,C,3
विवादित ,word,hindi,C,3
किनारे ,word,hindi,C,3
छापेमारी ,word,hindi,C,3
हंगामा ,word,hindi,C,3
कराया ,word,hindi,C,3
तीसरा ,word,hindi,C,3
सहायता ,word,hindi,C,3
गवाही ,word,hindi,C,3
साजिश ,word,hindi,C,3
अपनी ,word,hindi,C,3
अभाव ,word,hindi,C,3
बन्धक ,word,hindi,C,3
असभ्य ,word,hindi,C,3
अक्ल ,word,hindi,C,3
आलस्य ,word,hindi,C,3
मस्तक ,word,hindi,C,3
दण्ड ,word,hindi,C,3
भस्म ,word,hindi,C,3
खच्चर ,word,hindi,C,3
वयस्क ,word,hindi,C,3
अन्तर ,word,hindi,C,3
कत्थक ,word,hindi,C,3
स्तन ,word,hindi,C,3
असत्य ,word,hindi,C,3
अन्त ,word,hindi,C,3
हस्त ,word,hindi,C,3
लक्कड़ ,word,hindi,C,3
दस्तखत ,word,hindi,C,3
नब्ज ,word,hindi,C,3
मगरमच्छ ,word,hindi,C,3
पस्त ,word,hindi,C,3
छप्पन ,word,hindi,C,3
अपशब्द ,word,hindi,C,3
धन्य ,word,hindi,C,3
भक्तजन ,word,hindi,C,3
सभ्य ,word,hindi,C,3
समयबद्ध ,word,hindi,C,3
वचनबद्ध ,word,hindi,C,3
नतमस्तक ,word,hindi,C,3
वल्लभ ,word,hindi,C,3
अल्प ,word,hindi,C,3
बन्द ,word,hindi,C,3
उच्चतम ,word,hindi,C,3
इज्जत ,word,hindi,C,3
मस्त ,word,hindi,C,3
अखवर,non_word,hindi,C,4
अटवर,non_word,hindi,C,4
अपव,non_word,hindi,C,4
अमरल,non_word,hindi,C,4
अवगतन,non_word,hindi,C,4
अशल,non_word,hindi,C,4
आघमन,non_word,hindi,C,4
आदस,non_word,hindi,C,4
आरकण,non_word,hindi,C,4
आरक्ष,non_word,hindi,C,4
इधम,non_word,hindi,C,4
उगर,non_word,hindi,C,4
उठखर,non_word,hindi,C,4
उठर,non_word,hindi,C,4
उतरक,non_word,hindi,C,4
उनड़,non_word,hindi,C,4
उपक,non_word,hindi,C,4
उपहल,non_word,hindi,C,4
उमठ,non_word,hindi,C,4
कदरल,non_word,hindi,C,4
कमम,non_word,hindi,C,4
कसण,non_word,hindi,C,4
कसरन,non_word,hindi,C,4
खबरल,non_word,hindi,C,4
खबल,non_word,hindi,C,4
गगनल,non_word,hindi,C,4
गहण,non_word,hindi,C,4
घटन,non_word,hindi,C,4
घलक,non_word,hindi,C,4
चमकल,non_word,hindi,C,4
अंदेरे,non_word,hindi,C,4
अमिल,non_word,hindi,C,4
अवाव,non_word,hindi,C,4
अवैल,non_word,hindi,C,4
आदमि,non_word,hindi,C,4
आदमे,non_word,hindi,C,4
आपणी,non_word,hindi,C,4
आरकल,non_word,hindi,C,4
आर्थीक,non_word,hindi,C,4
आवार,non_word,hindi,C,4
इंसाण,non_word,hindi,C,4
उपमंदल,non_word,hindi,C,4
करोण,non_word,hindi,C,4
कारिल्य,non_word,hindi,C,4
कुपूर,non_word,hindi,C,4
खबकी,non_word,hindi,C,4
खलाफ,non_word,hindi,C,4
खोकरा,non_word,hindi,C,4
गरबी,non_word,hindi,C,4
गायोक,non_word,hindi,C,4
चदार,non_word,hindi,C,4
चहला,non_word,hindi,C,4
चातर,non_word,hindi,C,4
तालब,non_word,hindi,C,4
अक्क्षण,non_word,hindi,C,4
अक्शर,non_word,hindi,C,4
अच्ल,non_word,hindi,C,4
अध्यक्षर,non_word,hindi,C,4
अन्कय,non_word,hindi,C,4
अन्क्षण,non_word,hindi,C,4
अन्टय,non_word,hindi,C,4
अन्द,non_word,hindi,C,4
अरम्भ,non_word,hindi,C,4
अल्क्षण,non_word,hindi,C,4
अल्य,non_word,hindi,C,4
अस्षर,non_word,hindi,C,4
आत्मल,non_word,hindi,C,4
आवश्क,non_word,hindi,C,4
आश्व्स,non_word,hindi,C,4
इश्क्क,non_word,hindi,C,4
उच्छ,non_word,hindi,C,4
उज्झवल,non_word,hindi,C,4
उत्थर,non_word,hindi,C,4
उत्‍पन,non_word,hindi,C,4
उपलब्द,non_word,hindi,C,4
एकल्व,non_word,hindi,C,4
कक्कद,non_word,hindi,C,4
कच्छर,non_word,hindi,C,4
कण्ड,non_word,hindi,C,4
कब्म,non_word,hindi,C,4
क्मल,non_word,hindi,C,4
क्यल,non_word,hindi,C,4
क्लल,non_word,hindi,C,4
खच्छर,non_word,hindi,C,4
ख्पर,non_word,hindi,C,4
चन्‍ध,non_word,hindi,C,4
च्वल,non_word,hindi,C,4
जण्म,non_word,hindi,C,4
महागर,non_word,hindi,C,4
महीज,non_word,hindi,C,4
मानदया,non_word,hindi,C,4
माहिना,non_word,hindi,C,4
मिटन,non_word,hindi,C,4
मौझद,non_word,hindi,C,4
मौदूद,non_word,hindi,C,4
रणनीथी,non_word,hindi,C,4
लचीक,non_word,hindi,C,4
लिखट,non_word,hindi,C,4
वसुन,non_word,hindi,C,4
वारषिक,non_word,hindi,C,4
विकक्ष,non_word,hindi,C,4
विचाह,non_word,hindi,C,4
शकीर,non_word,hindi,C,4
शरही,non_word,hindi,C,4
शहीर,non_word,hindi,C,4
शासान,non_word,hindi,C,4
शिवार,non_word,hindi,C,4
शीटल,non_word,hindi,C,4
सबूल,non_word,hindi,C,4
समदाय,non_word,hindi,C,4
समूर,non_word,hindi,C,4
सरीव,non_word,hindi,C,4
सहायटा,non_word,hindi,C,4
साजाश,non_word,hindi,C,4
हरकरी,non_word,hindi,C,4
हवायि,non_word,hindi,C,4
हिरास,non_word,hindi,C,4
भरकन,non_word,hindi,C,4
मकलब,non_word,hindi,C,4
मकसल,non_word,hindi,C,4
मतलम,non_word,hindi,C,4
महकल,non_word,hindi,C,4
रहक,non_word,hindi,C,4
रहनर,non_word,hindi,C,4
रहल,non_word,hindi,C,4
लक्षल,non_word,hindi,C,4
लटकल,non_word,hindi,C,4
लदपत,non_word,hindi,C,4
वजनल,non_word,hindi,C,4
सगहन,non_word,hindi,C,4
सघल,non_word,hindi,C,4
सजक,non_word,hindi,C,4
सजद,non_word,hindi,C,4
सजर,non_word,hindi,C,4
सडन,non_word,hindi,C,4
सतयक,non_word,hindi,C,4
सफरल,non_word,hindi,C,4
सफलन,non_word,hindi,C,4
सरख,non_word,hindi,C,4
सरमत,non_word,hindi,C,4
सरलन,non_word,hindi,C,4
सरहर,non_word,hindi,C,4
सहट,non_word,hindi,C,4
हटकन,non_word,hindi,C,4
हड़कर,non_word,hindi,C,4
हरकतन,non_word,hindi,C,4
हरकल,non_word,hindi,C,4
हवण,non_word,hindi,C,4
मक्कन,non_word,hindi,C,4
मस्कत,non_word,hindi,C,4
रक्‍ठ,non_word,hindi,C,4
रत्क,non_word,hindi,C,4
रहस्स्य,non_word,hindi,C,4
लक्टण,non_word,hindi,C,4
लक्श्य,non_word,hindi,C,4
लक्ष्म,non_word,hindi,C,4
व्यक्तन,non_word,hindi,C,4
शब्ध,non_word,hindi,C,4
श्क्कर,non_word,hindi,C,4
सज्जण,non_word,hindi,C,4
सभ्यन,non_word,hindi,C,4
समस्थक,non_word,hindi,C,4
सम्भक,non_word,hindi,C,4
सम्भर,non_word,hindi,C,4
सम्भलर,non_word,hindi,C,4
स्‍टन,non_word,hindi,C,4
स्तार,non_word,hindi,C,4
स्थन,non_word,hindi,C,4
स्पट,non_word,hindi,C,4
स्पस्ट,non_word,hindi,C,4
स्मरन,non_word,hindi,C,4
स्वच्च,non_word,hindi,C,4
स्वत,non_word,hindi,C,4
स्वस्ठ,non_word,hindi,C,4
स्वस्त,non_word,hindi,C,4
स्वार,non_word,hindi,C,4
चेयन,non_word,hindi,C,4
जगद,non_word,hindi,C,4
तलक,non_word,hindi,C,4
तलबल,non_word,hindi,C,4
दमकलन,non_word,hindi,C,4
दमल,non_word,hindi,C,4
दरशल,non_word,hindi,C,4
दहकत,non_word,hindi,C,4
दहभत,non_word,hindi,C,4
नकड,non_word,hindi,C,4
नकदत,non_word,hindi,C,4
नगड़,non_word,hindi,C,4
नफदत,non_word,hindi,C,4
नमकल,non_word,hindi,C,4
नमल,non_word,hindi,C,4
नयनत,non_word,hindi,C,4
नवन,non_word,hindi,C,4
नहन,non_word,hindi,C,4
पडक,non_word,hindi,C,4
पदकम,non_word,hindi,C,4
पनक,non_word,hindi,C,4
परमव,non_word,hindi,C,4
पलकल,non_word,hindi,C,4
पलन,non_word,hindi,C,4
पलम,non_word,hindi,C,4
पहक,non_word,hindi,C,4
पहत,non_word,hindi,C,4
बचतल,non_word,hindi,C,4
बचपल,non_word,hindi,C,4
बजल,non_word,hindi,C,4
बदडर,non_word,hindi,C,4
बनक,non_word,hindi,C,4
बहपर,non_word,hindi,C,4
भगतम,non_word,hindi,C,4
भगदन,non_word,hindi,C,4
भजल,non_word,hindi,C,4
भड़कन,non_word,hindi,C,4
भरक,non_word,hindi,C,4
तैया,non_word,hindi,C,4
दोस,non_word,hindi,C,4
धेज,non_word,hindi,C,4
नजरा,non_word,hindi,C,4
नशीरा,non_word,hindi,C,4
नसीत,non_word,hindi,C,4
नायकु,non_word,hindi,C,4
नायरी,non_word,hindi,C,4
निशाम,non_word,hindi,C,4
नेतल,non_word,hindi,C,4
पंर्वती,non_word,hindi,C,4
परवा,non_word,hindi,C,4
परिजिन,non_word,hindi,C,4
पहलै,non_word,hindi,C,4
पूर्ष,non_word,hindi,C,4
प्रमुश,non_word,hindi,C,4
प्रेरय,non_word,hindi,C,4
बकापन,non_word,hindi,C,4
बजदूर,non_word,hindi,C,4
बर्बाधी,non_word,hindi,C,4
बादगी,non_word,hindi,C,4
बाहीर,non_word,hindi,C,4
बिकर,non_word,hindi,C,4
भतीक,non_word,hindi,C,4
भेकता,non_word,hindi,C,4
मंजल,non_word,hindi,C,4
मधुपब,non_word,hindi,C,4
जस्त,non_word,hindi,C,4
झख्म,non_word,hindi,C,4
टक्कन,non_word,hindi,C,4
ठक्‍त,non_word,hindi,C,4
ठप्पर,non_word,hindi,C,4
ढक्कल,non_word,hindi,C,4
तत्य,non_word,hindi,C,4
तव्त,non_word,hindi,C,4
त्कल,non_word,hindi,C,4
थप्पल,non_word,hindi,C,4
दण्ट,non_word,hindi,C,4
दन्ष,non_word,hindi,C,4
दम्कर,non_word,hindi,C,4
दस्क,non_word,hindi,C,4
दस्‍ठ,non_word,hindi,C,4
दस्तकठ,non_word,hindi,C,4
दस्तकन,non_word,hindi,C,4
ध्वझ,non_word,hindi,C,4
ध्वश्त,non_word,hindi,C,4
नष्टा,non_word,hindi,C,4
नष्ठ,non_word,hindi,C,4
पत्क,non_word,hindi,C,4
प्ठन,non_word,hindi,C,4
फ्वल,non_word,hindi,C,4
बन्दहक,non_word,hindi,C,4
ब्वल,non_word,hindi,C,4
भक्क,non_word,hindi,C,4
